;year;temp_diff;station_id;name;latitude;longitude;altitude
0;1931-01-01;;1078;Düsseldorf;51.296;6.7686;37
1;1932-01-01;;1078;Düsseldorf;51.296;6.7686;37
2;1933-01-01;;1078;Düsseldorf;51.296;6.7686;37
3;1934-01-01;;1078;Düsseldorf;51.296;6.7686;37
4;1935-01-01;;1078;Düsseldorf;51.296;6.7686;37
5;1936-01-01;;1078;Düsseldorf;51.296;6.7686;37
6;1937-01-01;;1078;Düsseldorf;51.296;6.7686;37
7;1938-01-01;;1078;Düsseldorf;51.296;6.7686;37
8;1939-01-01;;1078;Düsseldorf;51.296;6.7686;37
9;1940-01-01;-1.5671428571428603;1078;Düsseldorf;51.296;6.7686;37
10;1941-01-01;-1.0171428571428613;1078;Düsseldorf;51.296;6.7686;37
11;1942-01-01;-1.1071428571428612;1078;Düsseldorf;51.296;6.7686;37
12;1943-01-01;0.25285714285714;1078;Düsseldorf;51.296;6.7686;37
13;1944-01-01;-0.2871428571428609;1078;Düsseldorf;51.296;6.7686;37
14;1945-01-01;;1078;Düsseldorf;51.296;6.7686;37
15;1946-01-01;;1078;Düsseldorf;51.296;6.7686;37
16;1947-01-01;;1078;Düsseldorf;51.296;6.7686;37
17;1948-01-01;;1078;Düsseldorf;51.296;6.7686;37
18;1949-01-01;;1078;Düsseldorf;51.296;6.7686;37
19;1950-01-01;;1078;Düsseldorf;51.296;6.7686;37
20;1951-01-01;;1078;Düsseldorf;51.296;6.7686;37
21;1952-01-01;;1078;Düsseldorf;51.296;6.7686;37
22;1953-01-01;;1078;Düsseldorf;51.296;6.7686;37
23;1954-01-01;;1078;Düsseldorf;51.296;6.7686;37
24;1955-01-01;;1078;Düsseldorf;51.296;6.7686;37
25;1956-01-01;;1078;Düsseldorf;51.296;6.7686;37
26;1957-01-01;;1078;Düsseldorf;51.296;6.7686;37
27;1958-01-01;;1078;Düsseldorf;51.296;6.7686;37
28;1959-01-01;;1078;Düsseldorf;51.296;6.7686;37
29;1960-01-01;;1078;Düsseldorf;51.296;6.7686;37
30;1961-01-01;;1078;Düsseldorf;51.296;6.7686;37
31;1962-01-01;;1078;Düsseldorf;51.296;6.7686;37
32;1963-01-01;;1078;Düsseldorf;51.296;6.7686;37
33;1964-01-01;;1078;Düsseldorf;51.296;6.7686;37
34;1965-01-01;;1078;Düsseldorf;51.296;6.7686;37
35;1966-01-01;;1078;Düsseldorf;51.296;6.7686;37
36;1967-01-01;;1078;Düsseldorf;51.296;6.7686;37
37;1968-01-01;;1078;Düsseldorf;51.296;6.7686;37
38;1969-01-01;;1078;Düsseldorf;51.296;6.7686;37
39;1970-01-01;-0.6271428571428608;1078;Düsseldorf;51.296;6.7686;37
40;1971-01-01;-0.007142857142859782;1078;Düsseldorf;51.296;6.7686;37
41;1972-01-01;-0.5871428571428599;1078;Düsseldorf;51.296;6.7686;37
42;1973-01-01;-0.19714285714286106;1078;Düsseldorf;51.296;6.7686;37
43;1974-01-01;0.29285714285713915;1078;Düsseldorf;51.296;6.7686;37
44;1975-01-01;0.4928571428571402;1078;Düsseldorf;51.296;6.7686;37
45;1976-01-01;0.4528571428571393;1078;Düsseldorf;51.296;6.7686;37
46;1977-01-01;0.2728571428571396;1078;Düsseldorf;51.296;6.7686;37
47;1978-01-01;-0.5771428571428601;1078;Düsseldorf;51.296;6.7686;37
48;1979-01-01;-0.8171428571428603;1078;Düsseldorf;51.296;6.7686;37
49;1980-01-01;-0.39714285714286035;1078;Düsseldorf;51.296;6.7686;37
50;1981-01-01;-0.3171428571428603;1078;Düsseldorf;51.296;6.7686;37
51;1982-01-01;0.632857142857139;1078;Düsseldorf;51.296;6.7686;37
52;1983-01-01;0.632857142857139;1078;Düsseldorf;51.296;6.7686;37
53;1984-01-01;-0.20714285714286085;1078;Düsseldorf;51.296;6.7686;37
54;1985-01-01;-1.0471428571428607;1078;Düsseldorf;51.296;6.7686;37
55;1986-01-01;-0.49714285714286;1078;Düsseldorf;51.296;6.7686;37
56;1987-01-01;-0.7771428571428611;1078;Düsseldorf;51.296;6.7686;37
57;1988-01-01;0.6928571428571395;1078;Düsseldorf;51.296;6.7686;37
58;1989-01-01;1.2928571428571392;1078;Düsseldorf;51.296;6.7686;37
59;1990-01-01;1.2928571428571392;1078;Düsseldorf;51.296;6.7686;37
60;1991-01-01;0.18285714285713972;1078;Düsseldorf;51.296;6.7686;37
61;1992-01-01;0.9628571428571391;1078;Düsseldorf;51.296;6.7686;37
62;1993-01-01;-0.26714285714286135;1078;Düsseldorf;51.296;6.7686;37
63;1994-01-01;0.8628571428571394;1078;Düsseldorf;51.296;6.7686;37
64;1995-01-01;0.4628571428571391;1078;Düsseldorf;51.296;6.7686;37
65;1996-01-01;-1.3971428571428604;1078;Düsseldorf;51.296;6.7686;37
66;1997-01-01;0.2028571428571393;1078;Düsseldorf;51.296;6.7686;37
67;1998-01-01;0.29285714285713915;1078;Düsseldorf;51.296;6.7686;37
68;1999-01-01;0.9328571428571397;1078;Düsseldorf;51.296;6.7686;37
69;2000-01-01;1.052857142857139;1078;Düsseldorf;51.296;6.7686;37
70;2001-01-01;0.47285714285713887;1078;Düsseldorf;51.296;6.7686;37
71;2002-01-01;0.9628571428571391;1078;Düsseldorf;51.296;6.7686;37
72;2003-01-01;0.8928571428571388;1078;Düsseldorf;51.296;6.7686;37
73;2004-01-01;0.21285714285713908;1078;Düsseldorf;51.296;6.7686;37
74;2005-01-01;0.6128571428571394;1078;Düsseldorf;51.296;6.7686;37
75;2006-01-01;1.0328571428571394;1078;Düsseldorf;51.296;6.7686;37
76;2007-01-01;1.1228571428571392;1078;Düsseldorf;51.296;6.7686;37
77;2008-01-01;0.4428571428571395;1078;Düsseldorf;51.296;6.7686;37
78;2009-01-01;0.47285714285713887;1078;Düsseldorf;51.296;6.7686;37
79;2010-01-01;-0.8071428571428605;1078;Düsseldorf;51.296;6.7686;37
80;2011-01-01;1.0428571428571392;1078;Düsseldorf;51.296;6.7686;37
81;2012-01-01;0.3328571428571401;1078;Düsseldorf;51.296;6.7686;37
82;2013-01-01;-0.15714285714286014;1078;Düsseldorf;51.296;6.7686;37
83;2014-01-01;1.5628571428571387;1078;Düsseldorf;51.296;6.7686;37
84;2015-01-01;0.9428571428571395;1078;Düsseldorf;51.296;6.7686;37
85;2016-01-01;0.7728571428571396;1078;Düsseldorf;51.296;6.7686;37
86;2017-01-01;1.0428571428571392;1078;Düsseldorf;51.296;6.7686;37
87;2018-01-01;1.7328571428571387;1078;Düsseldorf;51.296;6.7686;37
88;2019-01-01;1.4528571428571393;1078;Düsseldorf;51.296;6.7686;37
89;1931-01-01;-0.5674193548387105;1300;Eslohe;51.254;8.1565;351
90;1932-01-01;0.12258064516128986;1300;Eslohe;51.254;8.1565;351
91;1933-01-01;-0.6374193548387108;1300;Eslohe;51.254;8.1565;351
92;1934-01-01;1.07258064516129;1300;Eslohe;51.254;8.1565;351
93;1935-01-01;0.18258064516128947;1300;Eslohe;51.254;8.1565;351
94;1936-01-01;0.19258064516128925;1300;Eslohe;51.254;8.1565;351
95;1937-01-01;0.3425806451612896;1300;Eslohe;51.254;8.1565;351
96;1938-01-01;0.26258064516128954;1300;Eslohe;51.254;8.1565;351
97;1939-01-01;0.18258064516128947;1300;Eslohe;51.254;8.1565;351
98;1940-01-01;-1.54741935483871;1300;Eslohe;51.254;8.1565;351
99;1941-01-01;-0.6874193548387106;1300;Eslohe;51.254;8.1565;351
100;1942-01-01;-0.7774193548387105;1300;Eslohe;51.254;8.1565;351
101;1943-01-01;0.4625806451612897;1300;Eslohe;51.254;8.1565;351
102;1944-01-01;-0.0874193548387101;1300;Eslohe;51.254;8.1565;351
103;1945-01-01;;1300;Eslohe;51.254;8.1565;351
104;1946-01-01;;1300;Eslohe;51.254;8.1565;351
105;1947-01-01;0.5625806451612902;1300;Eslohe;51.254;8.1565;351
106;1948-01-01;0.8925806451612903;1300;Eslohe;51.254;8.1565;351
107;1949-01-01;0.8025806451612887;1300;Eslohe;51.254;8.1565;351
108;1950-01-01;0.3625806451612892;1300;Eslohe;51.254;8.1565;351
109;1951-01-01;0.4825806451612893;1300;Eslohe;51.254;8.1565;351
110;1952-01-01;-0.35741935483871057;1300;Eslohe;51.254;8.1565;351
111;1953-01-01;0.6425806451612903;1300;Eslohe;51.254;8.1565;351
112;1954-01-01;-0.31741935483871053;1300;Eslohe;51.254;8.1565;351
113;1955-01-01;-0.75741935483871;1300;Eslohe;51.254;8.1565;351
114;1956-01-01;-1.1874193548387106;1300;Eslohe;51.254;8.1565;351
115;1957-01-01;0.4625806451612897;1300;Eslohe;51.254;8.1565;351
116;1958-01-01;0.15258064516128922;1300;Eslohe;51.254;8.1565;351
117;1959-01-01;0.7225806451612904;1300;Eslohe;51.254;8.1565;351
118;1960-01-01;0.2225806451612895;1300;Eslohe;51.254;8.1565;351
119;1961-01-01;0.7125806451612888;1300;Eslohe;51.254;8.1565;351
120;1962-01-01;-1.1974193548387104;1300;Eslohe;51.254;8.1565;351
121;1963-01-01;-1.3274193548387103;1300;Eslohe;51.254;8.1565;351
122;1964-01-01;-0.01741935483871071;1300;Eslohe;51.254;8.1565;351
123;1965-01-01;-0.9074193548387104;1300;Eslohe;51.254;8.1565;351
124;1966-01-01;0.3625806451612892;1300;Eslohe;51.254;8.1565;351
125;1967-01-01;0.6325806451612888;1300;Eslohe;51.254;8.1565;351
126;1968-01-01;-0.10741935483871057;1300;Eslohe;51.254;8.1565;351
127;1969-01-01;-0.2674193548387107;1300;Eslohe;51.254;8.1565;351
128;1970-01-01;-0.37741935483871014;1300;Eslohe;51.254;8.1565;351
129;1971-01-01;0.09258064516128961;1300;Eslohe;51.254;8.1565;351
130;1972-01-01;-0.50741935483871;1300;Eslohe;51.254;8.1565;351
131;1973-01-01;-0.027419354838710497;1300;Eslohe;51.254;8.1565;351
132;1974-01-01;0.44258064516128925;1300;Eslohe;51.254;8.1565;351
133;1975-01-01;0.6325806451612888;1300;Eslohe;51.254;8.1565;351
134;1976-01-01;0.1625806451612899;1300;Eslohe;51.254;8.1565;351
135;1977-01-01;0.43258064516128947;1300;Eslohe;51.254;8.1565;351
136;1978-01-01;-0.4174193548387102;1300;Eslohe;51.254;8.1565;351
137;1979-01-01;-0.6574193548387104;1300;Eslohe;51.254;8.1565;351
138;1980-01-01;-0.3374193548387101;1300;Eslohe;51.254;8.1565;351
139;1981-01-01;-0.0874193548387101;1300;Eslohe;51.254;8.1565;351
140;1982-01-01;0.622580645161289;1300;Eslohe;51.254;8.1565;351
141;1983-01-01;0.6025806451612894;1300;Eslohe;51.254;8.1565;351
142;1984-01-01;-0.07741935483871032;1300;Eslohe;51.254;8.1565;351
143;1985-01-01;-0.9674193548387109;1300;Eslohe;51.254;8.1565;351
144;1986-01-01;-0.35741935483871057;1300;Eslohe;51.254;8.1565;351
145;1987-01-01;-0.5374193548387103;1300;Eslohe;51.254;8.1565;351
146;1988-01-01;0.8925806451612903;1300;Eslohe;51.254;8.1565;351
147;1989-01-01;1.2325806451612902;1300;Eslohe;51.254;8.1565;351
148;1990-01-01;1.1325806451612888;1300;Eslohe;51.254;8.1565;351
149;1991-01-01;-0.06741935483871053;1300;Eslohe;51.254;8.1565;351
150;1992-01-01;0.9225806451612897;1300;Eslohe;51.254;8.1565;351
151;1993-01-01;0.2225806451612895;1300;Eslohe;51.254;8.1565;351
152;1994-01-01;1.5325806451612891;1300;Eslohe;51.254;8.1565;351
153;1995-01-01;0.8525806451612894;1300;Eslohe;51.254;8.1565;351
154;1996-01-01;-0.7774193548387105;1300;Eslohe;51.254;8.1565;351
155;1997-01-01;0.8325806451612898;1300;Eslohe;51.254;8.1565;351
156;1998-01-01;0.8925806451612903;1300;Eslohe;51.254;8.1565;351
157;1999-01-01;1.3425806451612896;1300;Eslohe;51.254;8.1565;351
158;2000-01-01;;1300;Eslohe;51.254;8.1565;351
159;2001-01-01;;1300;Eslohe;51.254;8.1565;351
160;2002-01-01;;1300;Eslohe;51.254;8.1565;351
161;2003-01-01;;1300;Eslohe;51.254;8.1565;351
162;2004-01-01;;1300;Eslohe;51.254;8.1565;351
163;2005-01-01;0.7325806451612902;1300;Eslohe;51.254;8.1565;351
164;2006-01-01;1.07258064516129;1300;Eslohe;51.254;8.1565;351
165;2007-01-01;1.372580645161289;1300;Eslohe;51.254;8.1565;351
166;2008-01-01;0.6925806451612893;1300;Eslohe;51.254;8.1565;351
167;2009-01-01;0.7225806451612904;1300;Eslohe;51.254;8.1565;351
168;2010-01-01;-0.5274193548387105;1300;Eslohe;51.254;8.1565;351
169;2011-01-01;1.32258064516129;1300;Eslohe;51.254;8.1565;351
170;2012-01-01;0.5625806451612902;1300;Eslohe;51.254;8.1565;351
171;2013-01-01;0.2325806451612893;1300;Eslohe;51.254;8.1565;351
172;2014-01-01;1.9225806451612897;1300;Eslohe;51.254;8.1565;351
173;2015-01-01;;1300;Eslohe;51.254;8.1565;351
174;2016-01-01;1.0625806451612902;1300;Eslohe;51.254;8.1565;351
175;2017-01-01;1.1725806451612897;1300;Eslohe;51.254;8.1565;351
176;2018-01-01;1.7525806451612898;1300;Eslohe;51.254;8.1565;351
177;2019-01-01;1.5225806451612893;1300;Eslohe;51.254;8.1565;351
178;1931-01-01;-0.9387096774193555;1303;Essen-Bredeney;51.4041;6.9677;150
179;1932-01-01;-0.1287096774193568;1303;Essen-Bredeney;51.4041;6.9677;150
180;1933-01-01;-0.7287096774193564;1303;Essen-Bredeney;51.4041;6.9677;150
181;1934-01-01;0.8112903225806445;1303;Essen-Bredeney;51.4041;6.9677;150
182;1935-01-01;0.07129032258064427;1303;Essen-Bredeney;51.4041;6.9677;150
183;1936-01-01;-0.09870967741935566;1303;Essen-Bredeney;51.4041;6.9677;150
184;1937-01-01;;1303;Essen-Bredeney;51.4041;6.9677;150
185;1938-01-01;0.27129032258064356;1303;Essen-Bredeney;51.4041;6.9677;150
186;1939-01-01;0.20129032258064328;1303;Essen-Bredeney;51.4041;6.9677;150
187;1940-01-01;-1.328709677419356;1303;Essen-Bredeney;51.4041;6.9677;150
188;1941-01-01;-0.7887096774193569;1303;Essen-Bredeney;51.4041;6.9677;150
189;1942-01-01;-0.9687096774193567;1303;Essen-Bredeney;51.4041;6.9677;150
190;1943-01-01;0.4812903225806444;1303;Essen-Bredeney;51.4041;6.9677;150
191;1944-01-01;-0.21870967741935665;1303;Essen-Bredeney;51.4041;6.9677;150
192;1945-01-01;;1303;Essen-Bredeney;51.4041;6.9677;150
193;1946-01-01;;1303;Essen-Bredeney;51.4041;6.9677;150
194;1947-01-01;;1303;Essen-Bredeney;51.4041;6.9677;150
195;1948-01-01;0.9112903225806441;1303;Essen-Bredeney;51.4041;6.9677;150
196;1949-01-01;0.9212903225806439;1303;Essen-Bredeney;51.4041;6.9677;150
197;1950-01-01;0.20129032258064328;1303;Essen-Bredeney;51.4041;6.9677;150
198;1951-01-01;0.41129032258064413;1303;Essen-Bredeney;51.4041;6.9677;150
199;1952-01-01;-0.46870967741935665;1303;Essen-Bredeney;51.4041;6.9677;150
200;1953-01-01;0.5612903225806445;1303;Essen-Bredeney;51.4041;6.9677;150
201;1954-01-01;-0.4387096774193555;1303;Essen-Bredeney;51.4041;6.9677;150
202;1955-01-01;-0.6087096774193554;1303;Essen-Bredeney;51.4041;6.9677;150
203;1956-01-01;-1.418709677419356;1303;Essen-Bredeney;51.4041;6.9677;150
204;1957-01-01;0.41129032258064413;1303;Essen-Bredeney;51.4041;6.9677;150
205;1958-01-01;-0.11870967741935701;1303;Essen-Bredeney;51.4041;6.9677;150
206;1959-01-01;1.2012903225806433;1303;Essen-Bredeney;51.4041;6.9677;150
207;1960-01-01;0.2412903225806442;1303;Essen-Bredeney;51.4041;6.9677;150
208;1961-01-01;0.6812903225806437;1303;Essen-Bredeney;51.4041;6.9677;150
209;1962-01-01;-1.368709677419357;1303;Essen-Bredeney;51.4041;6.9677;150
210;1963-01-01;-1.2987096774193567;1303;Essen-Bredeney;51.4041;6.9677;150
211;1964-01-01;0.011290322580643775;1303;Essen-Bredeney;51.4041;6.9677;150
212;1965-01-01;-0.748709677419356;1303;Essen-Bredeney;51.4041;6.9677;150
213;1966-01-01;0.22129032258064285;1303;Essen-Bredeney;51.4041;6.9677;150
214;1967-01-01;0.4912903225806442;1303;Essen-Bredeney;51.4041;6.9677;150
215;1968-01-01;-0.16870967741935594;1303;Essen-Bredeney;51.4041;6.9677;150
216;1969-01-01;-0.15870967741935615;1303;Essen-Bredeney;51.4041;6.9677;150
217;1970-01-01;-0.28870967741935694;1303;Essen-Bredeney;51.4041;6.9677;150
218;1971-01-01;0.34129032258064385;1303;Essen-Bredeney;51.4041;6.9677;150
219;1972-01-01;-0.33870967741935587;1303;Essen-Bredeney;51.4041;6.9677;150
220;1973-01-01;0.07129032258064427;1303;Essen-Bredeney;51.4041;6.9677;150
221;1974-01-01;0.381290322580643;1303;Essen-Bredeney;51.4041;6.9677;150
222;1975-01-01;0.5712903225806443;1303;Essen-Bredeney;51.4041;6.9677;150
223;1976-01-01;0.5912903225806438;1303;Essen-Bredeney;51.4041;6.9677;150
224;1977-01-01;0.29129032258064314;1303;Essen-Bredeney;51.4041;6.9677;150
225;1978-01-01;-0.5287096774193571;1303;Essen-Bredeney;51.4041;6.9677;150
226;1979-01-01;-0.7987096774193567;1303;Essen-Bredeney;51.4041;6.9677;150
227;1980-01-01;-0.3887096774193566;1303;Essen-Bredeney;51.4041;6.9677;150
228;1981-01-01;-0.23870967741935623;1303;Essen-Bredeney;51.4041;6.9677;150
229;1982-01-01;0.8712903225806432;1303;Essen-Bredeney;51.4041;6.9677;150
230;1983-01-01;0.7612903225806438;1303;Essen-Bredeney;51.4041;6.9677;150
231;1984-01-01;-0.07870967741935608;1303;Essen-Bredeney;51.4041;6.9677;150
232;1985-01-01;-1.0487096774193567;1303;Essen-Bredeney;51.4041;6.9677;150
233;1986-01-01;-0.47870967741935644;1303;Essen-Bredeney;51.4041;6.9677;150
234;1987-01-01;-0.8087096774193565;1303;Essen-Bredeney;51.4041;6.9677;150
235;1988-01-01;0.631290322580643;1303;Essen-Bredeney;51.4041;6.9677;150
236;1989-01-01;1.4012903225806443;1303;Essen-Bredeney;51.4041;6.9677;150
237;1990-01-01;1.1812903225806437;1303;Essen-Bredeney;51.4041;6.9677;150
238;1991-01-01;0.15129032258064434;1303;Essen-Bredeney;51.4041;6.9677;150
239;1992-01-01;0.9612903225806431;1303;Essen-Bredeney;51.4041;6.9677;150
240;1993-01-01;0.21129032258064306;1303;Essen-Bredeney;51.4041;6.9677;150
241;1994-01-01;1.3212903225806443;1303;Essen-Bredeney;51.4041;6.9677;150
242;1995-01-01;0.9112903225806441;1303;Essen-Bredeney;51.4041;6.9677;150
243;1996-01-01;-1.0287096774193571;1303;Essen-Bredeney;51.4041;6.9677;150
244;1997-01-01;0.7312903225806444;1303;Essen-Bredeney;51.4041;6.9677;150
245;1998-01-01;0.5612903225806445;1303;Essen-Bredeney;51.4041;6.9677;150
246;1999-01-01;1.3412903225806438;1303;Essen-Bredeney;51.4041;6.9677;150
247;2000-01-01;1.3912903225806446;1303;Essen-Bredeney;51.4041;6.9677;150
248;2001-01-01;0.6212903225806432;1303;Essen-Bredeney;51.4041;6.9677;150
249;2002-01-01;1.1212903225806432;1303;Essen-Bredeney;51.4041;6.9677;150
250;2003-01-01;1.1112903225806434;1303;Essen-Bredeney;51.4041;6.9677;150
251;2004-01-01;0.32129032258064427;1303;Essen-Bredeney;51.4041;6.9677;150
252;2005-01-01;0.7612903225806438;1303;Essen-Bredeney;51.4041;6.9677;150
253;2006-01-01;1.2012903225806433;1303;Essen-Bredeney;51.4041;6.9677;150
254;2007-01-01;1.4112903225806441;1303;Essen-Bredeney;51.4041;6.9677;150
255;2008-01-01;0.8512903225806436;1303;Essen-Bredeney;51.4041;6.9677;150
256;2009-01-01;0.9412903225806435;1303;Essen-Bredeney;51.4041;6.9677;150
257;2010-01-01;-0.47870967741935644;1303;Essen-Bredeney;51.4041;6.9677;150
258;2011-01-01;1.551290322580643;1303;Essen-Bredeney;51.4041;6.9677;150
259;2012-01-01;0.7012903225806433;1303;Essen-Bredeney;51.4041;6.9677;150
260;2013-01-01;0.15129032258064434;1303;Essen-Bredeney;51.4041;6.9677;150
261;2014-01-01;2.081290322580644;1303;Essen-Bredeney;51.4041;6.9677;150
262;2015-01-01;1.3512903225806436;1303;Essen-Bredeney;51.4041;6.9677;150
263;2016-01-01;1.2012903225806433;1303;Essen-Bredeney;51.4041;6.9677;150
264;2017-01-01;1.3512903225806436;1303;Essen-Bredeney;51.4041;6.9677;150
265;2018-01-01;2.221290322580643;1303;Essen-Bredeney;51.4041;6.9677;150
266;2019-01-01;1.8712903225806432;1303;Essen-Bredeney;51.4041;6.9677;150
267;1931-01-01;;1327;Weilerswist-Lommersum;50.7119;6.7905;147
268;1932-01-01;;1327;Weilerswist-Lommersum;50.7119;6.7905;147
269;1933-01-01;;1327;Weilerswist-Lommersum;50.7119;6.7905;147
270;1934-01-01;;1327;Weilerswist-Lommersum;50.7119;6.7905;147
271;1935-01-01;;1327;Weilerswist-Lommersum;50.7119;6.7905;147
272;1936-01-01;;1327;Weilerswist-Lommersum;50.7119;6.7905;147
273;1937-01-01;0.16451612903225943;1327;Weilerswist-Lommersum;50.7119;6.7905;147
274;1938-01-01;0.044516129032258434;1327;Weilerswist-Lommersum;50.7119;6.7905;147
275;1939-01-01;-0.08548387096774057;1327;Weilerswist-Lommersum;50.7119;6.7905;147
276;1940-01-01;-1.3454838709677421;1327;Weilerswist-Lommersum;50.7119;6.7905;147
277;1941-01-01;-0.8854838709677413;1327;Weilerswist-Lommersum;50.7119;6.7905;147
278;1942-01-01;-0.8354838709677406;1327;Weilerswist-Lommersum;50.7119;6.7905;147
279;1943-01-01;0.48451612903225794;1327;Weilerswist-Lommersum;50.7119;6.7905;147
280;1944-01-01;;1327;Weilerswist-Lommersum;50.7119;6.7905;147
281;1945-01-01;;1327;Weilerswist-Lommersum;50.7119;6.7905;147
282;1946-01-01;;1327;Weilerswist-Lommersum;50.7119;6.7905;147
283;1947-01-01;0.5245161290322589;1327;Weilerswist-Lommersum;50.7119;6.7905;147
284;1948-01-01;0.6245161290322585;1327;Weilerswist-Lommersum;50.7119;6.7905;147
285;1949-01-01;0.6045161290322589;1327;Weilerswist-Lommersum;50.7119;6.7905;147
286;1950-01-01;-0.005483870967740501;1327;Weilerswist-Lommersum;50.7119;6.7905;147
287;1951-01-01;0.004516129032259286;1327;Weilerswist-Lommersum;50.7119;6.7905;147
288;1952-01-01;-0.5454838709677414;1327;Weilerswist-Lommersum;50.7119;6.7905;147
289;1953-01-01;0.22451612903225815;1327;Weilerswist-Lommersum;50.7119;6.7905;147
290;1954-01-01;-0.6554838709677409;1327;Weilerswist-Lommersum;50.7119;6.7905;147
291;1955-01-01;-0.9454838709677418;1327;Weilerswist-Lommersum;50.7119;6.7905;147
292;1956-01-01;-1.5854838709677406;1327;Weilerswist-Lommersum;50.7119;6.7905;147
293;1957-01-01;0.2645161290322591;1327;Weilerswist-Lommersum;50.7119;6.7905;147
294;1958-01-01;-0.1254838709677415;1327;Weilerswist-Lommersum;50.7119;6.7905;147
295;1959-01-01;0.6745161290322592;1327;Weilerswist-Lommersum;50.7119;6.7905;147
296;1960-01-01;-0.03548387096774164;1327;Weilerswist-Lommersum;50.7119;6.7905;147
297;1961-01-01;0.6245161290322585;1327;Weilerswist-Lommersum;50.7119;6.7905;147
298;1962-01-01;-1.4454838709677418;1327;Weilerswist-Lommersum;50.7119;6.7905;147
299;1963-01-01;-1.6154838709677417;1327;Weilerswist-Lommersum;50.7119;6.7905;147
300;1964-01-01;-0.13548387096774128;1327;Weilerswist-Lommersum;50.7119;6.7905;147
301;1965-01-01;-0.8554838709677419;1327;Weilerswist-Lommersum;50.7119;6.7905;147
302;1966-01-01;0.15451612903225787;1327;Weilerswist-Lommersum;50.7119;6.7905;147
303;1967-01-01;0.3945161290322581;1327;Weilerswist-Lommersum;50.7119;6.7905;147
304;1968-01-01;-0.3554838709677419;1327;Weilerswist-Lommersum;50.7119;6.7905;147
305;1969-01-01;-0.28548387096774164;1327;Weilerswist-Lommersum;50.7119;6.7905;147
306;1970-01-01;-0.41548387096774064;1327;Weilerswist-Lommersum;50.7119;6.7905;147
307;1971-01-01;0.23451612903225794;1327;Weilerswist-Lommersum;50.7119;6.7905;147
308;1972-01-01;-0.40548387096774086;1327;Weilerswist-Lommersum;50.7119;6.7905;147
309;1973-01-01;-0.045483870967741424;1327;Weilerswist-Lommersum;50.7119;6.7905;147
310;1974-01-01;0.6145161290322587;1327;Weilerswist-Lommersum;50.7119;6.7905;147
311;1975-01-01;1.2545161290322593;1327;Weilerswist-Lommersum;50.7119;6.7905;147
312;1976-01-01;0.5745161290322596;1327;Weilerswist-Lommersum;50.7119;6.7905;147
313;1977-01-01;0.1945161290322588;1327;Weilerswist-Lommersum;50.7119;6.7905;147
314;1978-01-01;-0.2554838709677405;1327;Weilerswist-Lommersum;50.7119;6.7905;147
315;1979-01-01;-0.5454838709677414;1327;Weilerswist-Lommersum;50.7119;6.7905;147
316;1980-01-01;-0.07548387096774078;1327;Weilerswist-Lommersum;50.7119;6.7905;147
317;1981-01-01;0.09451612903225914;1327;Weilerswist-Lommersum;50.7119;6.7905;147
318;1982-01-01;0.8445161290322591;1327;Weilerswist-Lommersum;50.7119;6.7905;147
319;1983-01-01;0.3945161290322581;1327;Weilerswist-Lommersum;50.7119;6.7905;147
320;1984-01-01;-0.3054838709677412;1327;Weilerswist-Lommersum;50.7119;6.7905;147
321;1985-01-01;-0.9254838709677404;1327;Weilerswist-Lommersum;50.7119;6.7905;147
322;1986-01-01;-0.3654838709677417;1327;Weilerswist-Lommersum;50.7119;6.7905;147
323;1987-01-01;-0.7354838709677409;1327;Weilerswist-Lommersum;50.7119;6.7905;147
324;1988-01-01;0.7345161290322579;1327;Weilerswist-Lommersum;50.7119;6.7905;147
325;1989-01-01;1.1645161290322594;1327;Weilerswist-Lommersum;50.7119;6.7905;147
326;1990-01-01;1.5245161290322589;1327;Weilerswist-Lommersum;50.7119;6.7905;147
327;1991-01-01;0.02451612903225886;1327;Weilerswist-Lommersum;50.7119;6.7905;147
328;1992-01-01;1.0545161290322582;1327;Weilerswist-Lommersum;50.7119;6.7905;147
329;1993-01-01;0.4945161290322595;1327;Weilerswist-Lommersum;50.7119;6.7905;147
330;1994-01-01;1.8445161290322591;1327;Weilerswist-Lommersum;50.7119;6.7905;147
331;1995-01-01;1.2945161290322584;1327;Weilerswist-Lommersum;50.7119;6.7905;147
332;1996-01-01;-0.6354838709677413;1327;Weilerswist-Lommersum;50.7119;6.7905;147
333;1997-01-01;0.8745161290322585;1327;Weilerswist-Lommersum;50.7119;6.7905;147
334;1998-01-01;1.184516129032259;1327;Weilerswist-Lommersum;50.7119;6.7905;147
335;1999-01-01;1.684516129032259;1327;Weilerswist-Lommersum;50.7119;6.7905;147
336;2000-01-01;1.7945161290322584;1327;Weilerswist-Lommersum;50.7119;6.7905;147
337;2001-01-01;1.1745161290322592;1327;Weilerswist-Lommersum;50.7119;6.7905;147
338;2002-01-01;1.6345161290322583;1327;Weilerswist-Lommersum;50.7119;6.7905;147
339;2003-01-01;;1327;Weilerswist-Lommersum;50.7119;6.7905;147
340;2004-01-01;;1327;Weilerswist-Lommersum;50.7119;6.7905;147
341;2005-01-01;0.9245161290322592;1327;Weilerswist-Lommersum;50.7119;6.7905;147
342;2006-01-01;1.354516129032259;1327;Weilerswist-Lommersum;50.7119;6.7905;147
343;2007-01-01;1.4445161290322588;1327;Weilerswist-Lommersum;50.7119;6.7905;147
344;2008-01-01;0.7845161290322586;1327;Weilerswist-Lommersum;50.7119;6.7905;147
345;2009-01-01;0.7845161290322586;1327;Weilerswist-Lommersum;50.7119;6.7905;147
346;2010-01-01;-0.565483870967741;1327;Weilerswist-Lommersum;50.7119;6.7905;147
347;2011-01-01;1.4245161290322592;1327;Weilerswist-Lommersum;50.7119;6.7905;147
348;2012-01-01;0.6645161290322594;1327;Weilerswist-Lommersum;50.7119;6.7905;147
349;2013-01-01;0.184516129032259;1327;Weilerswist-Lommersum;50.7119;6.7905;147
350;2014-01-01;2.0045161290322593;1327;Weilerswist-Lommersum;50.7119;6.7905;147
351;2015-01-01;1.4245161290322592;1327;Weilerswist-Lommersum;50.7119;6.7905;147
352;2016-01-01;1.2245161290322581;1327;Weilerswist-Lommersum;50.7119;6.7905;147
353;2017-01-01;1.5045161290322593;1327;Weilerswist-Lommersum;50.7119;6.7905;147
354;2018-01-01;1.9645161290322584;1327;Weilerswist-Lommersum;50.7119;6.7905;147
355;2019-01-01;1.604516129032259;1327;Weilerswist-Lommersum;50.7119;6.7905;147
356;1931-01-01;;1590;Geldern-Walbeck;51.4942;6.2463;37
357;1932-01-01;;1590;Geldern-Walbeck;51.4942;6.2463;37
358;1933-01-01;;1590;Geldern-Walbeck;51.4942;6.2463;37
359;1934-01-01;;1590;Geldern-Walbeck;51.4942;6.2463;37
360;1935-01-01;;1590;Geldern-Walbeck;51.4942;6.2463;37
361;1936-01-01;;1590;Geldern-Walbeck;51.4942;6.2463;37
362;1937-01-01;-0.14222222222221959;1590;Geldern-Walbeck;51.4942;6.2463;37
363;1938-01-01;-0.04222222222221994;1590;Geldern-Walbeck;51.4942;6.2463;37
364;1939-01-01;-0.08222222222221909;1590;Geldern-Walbeck;51.4942;6.2463;37
365;1940-01-01;-1.5922222222222189;1590;Geldern-Walbeck;51.4942;6.2463;37
366;1941-01-01;-1.0122222222222188;1590;Geldern-Walbeck;51.4942;6.2463;37
367;1942-01-01;-1.252222222222219;1590;Geldern-Walbeck;51.4942;6.2463;37
368;1943-01-01;0.1777777777777807;1590;Geldern-Walbeck;51.4942;6.2463;37
369;1944-01-01;-0.29222222222221994;1590;Geldern-Walbeck;51.4942;6.2463;37
370;1945-01-01;;1590;Geldern-Walbeck;51.4942;6.2463;37
371;1946-01-01;;1590;Geldern-Walbeck;51.4942;6.2463;37
372;1947-01-01;;1590;Geldern-Walbeck;51.4942;6.2463;37
373;1948-01-01;;1590;Geldern-Walbeck;51.4942;6.2463;37
374;1949-01-01;;1590;Geldern-Walbeck;51.4942;6.2463;37
375;1950-01-01;;1590;Geldern-Walbeck;51.4942;6.2463;37
376;1951-01-01;;1590;Geldern-Walbeck;51.4942;6.2463;37
377;1952-01-01;;1590;Geldern-Walbeck;51.4942;6.2463;37
378;1953-01-01;;1590;Geldern-Walbeck;51.4942;6.2463;37
379;1954-01-01;;1590;Geldern-Walbeck;51.4942;6.2463;37
380;1955-01-01;;1590;Geldern-Walbeck;51.4942;6.2463;37
381;1956-01-01;;1590;Geldern-Walbeck;51.4942;6.2463;37
382;1957-01-01;;1590;Geldern-Walbeck;51.4942;6.2463;37
383;1958-01-01;;1590;Geldern-Walbeck;51.4942;6.2463;37
384;1959-01-01;;1590;Geldern-Walbeck;51.4942;6.2463;37
385;1960-01-01;;1590;Geldern-Walbeck;51.4942;6.2463;37
386;1961-01-01;;1590;Geldern-Walbeck;51.4942;6.2463;37
387;1962-01-01;;1590;Geldern-Walbeck;51.4942;6.2463;37
388;1963-01-01;;1590;Geldern-Walbeck;51.4942;6.2463;37
389;1964-01-01;-0.2722222222222186;1590;Geldern-Walbeck;51.4942;6.2463;37
390;1965-01-01;-0.8822222222222198;1590;Geldern-Walbeck;51.4942;6.2463;37
391;1966-01-01;-0.08222222222221909;1590;Geldern-Walbeck;51.4942;6.2463;37
392;1967-01-01;0.2377777777777812;1590;Geldern-Walbeck;51.4942;6.2463;37
393;1968-01-01;-0.3022222222222197;1590;Geldern-Walbeck;51.4942;6.2463;37
394;1969-01-01;-0.3322222222222191;1590;Geldern-Walbeck;51.4942;6.2463;37
395;1970-01-01;-0.43222222222221873;1590;Geldern-Walbeck;51.4942;6.2463;37
396;1971-01-01;0.047777777777781694;1590;Geldern-Walbeck;51.4942;6.2463;37
397;1972-01-01;-0.5122222222222188;1590;Geldern-Walbeck;51.4942;6.2463;37
398;1973-01-01;-0.10222222222221866;1590;Geldern-Walbeck;51.4942;6.2463;37
399;1974-01-01;0.28777777777778013;1590;Geldern-Walbeck;51.4942;6.2463;37
400;1975-01-01;0.5177777777777806;1590;Geldern-Walbeck;51.4942;6.2463;37
401;1976-01-01;0.5677777777777813;1590;Geldern-Walbeck;51.4942;6.2463;37
402;1977-01-01;0.2377777777777812;1590;Geldern-Walbeck;51.4942;6.2463;37
403;1978-01-01;-0.5322222222222184;1590;Geldern-Walbeck;51.4942;6.2463;37
404;1979-01-01;-0.7822222222222184;1590;Geldern-Walbeck;51.4942;6.2463;37
405;1980-01-01;-0.21222222222221987;1590;Geldern-Walbeck;51.4942;6.2463;37
406;1981-01-01;-0.05222222222221973;1590;Geldern-Walbeck;51.4942;6.2463;37
407;1982-01-01;0.7377777777777812;1590;Geldern-Walbeck;51.4942;6.2463;37
408;1983-01-01;0.7777777777777803;1590;Geldern-Walbeck;51.4942;6.2463;37
409;1984-01-01;0.027777777777780344;1590;Geldern-Walbeck;51.4942;6.2463;37
410;1985-01-01;-0.8222222222222193;1590;Geldern-Walbeck;51.4942;6.2463;37
411;1986-01-01;-0.18222222222221873;1590;Geldern-Walbeck;51.4942;6.2463;37
412;1987-01-01;-0.6922222222222185;1590;Geldern-Walbeck;51.4942;6.2463;37
413;1988-01-01;0.5377777777777801;1590;Geldern-Walbeck;51.4942;6.2463;37
414;1989-01-01;1.1177777777777802;1590;Geldern-Walbeck;51.4942;6.2463;37
415;1990-01-01;1.0977777777777806;1590;Geldern-Walbeck;51.4942;6.2463;37
416;1991-01-01;-0.11222222222221845;1590;Geldern-Walbeck;51.4942;6.2463;37
417;1992-01-01;0.7377777777777812;1590;Geldern-Walbeck;51.4942;6.2463;37
418;1993-01-01;0.05777777777778148;1590;Geldern-Walbeck;51.4942;6.2463;37
419;1994-01-01;1.1477777777777813;1590;Geldern-Walbeck;51.4942;6.2463;37
420;1995-01-01;0.8577777777777804;1590;Geldern-Walbeck;51.4942;6.2463;37
421;1996-01-01;-1.0722222222222193;1590;Geldern-Walbeck;51.4942;6.2463;37
422;1997-01-01;0.5377777777777801;1590;Geldern-Walbeck;51.4942;6.2463;37
423;1998-01-01;0.5977777777777806;1590;Geldern-Walbeck;51.4942;6.2463;37
424;1999-01-01;1.3177777777777813;1590;Geldern-Walbeck;51.4942;6.2463;37
425;2000-01-01;1.37777777777778;1590;Geldern-Walbeck;51.4942;6.2463;37
426;2001-01-01;0.8577777777777804;1590;Geldern-Walbeck;51.4942;6.2463;37
427;2002-01-01;1.2677777777777806;1590;Geldern-Walbeck;51.4942;6.2463;37
428;2003-01-01;1.1177777777777802;1590;Geldern-Walbeck;51.4942;6.2463;37
429;2004-01-01;0.5477777777777817;1590;Geldern-Walbeck;51.4942;6.2463;37
430;2005-01-01;0.9277777777777807;1590;Geldern-Walbeck;51.4942;6.2463;37
431;2006-01-01;1.417777777777781;1590;Geldern-Walbeck;51.4942;6.2463;37
432;2007-01-01;1.5177777777777806;1590;Geldern-Walbeck;51.4942;6.2463;37
433;2008-01-01;0.9477777777777803;1590;Geldern-Walbeck;51.4942;6.2463;37
434;2009-01-01;0.7577777777777808;1590;Geldern-Walbeck;51.4942;6.2463;37
435;2010-01-01;-0.6022222222222187;1590;Geldern-Walbeck;51.4942;6.2463;37
436;2011-01-01;1.2677777777777806;1590;Geldern-Walbeck;51.4942;6.2463;37
437;2012-01-01;0.5477777777777817;1590;Geldern-Walbeck;51.4942;6.2463;37
438;2013-01-01;0.09777777777778063;1590;Geldern-Walbeck;51.4942;6.2463;37
439;2014-01-01;1.9077777777777811;1590;Geldern-Walbeck;51.4942;6.2463;37
440;2015-01-01;1.1877777777777805;1590;Geldern-Walbeck;51.4942;6.2463;37
441;2016-01-01;1.0377777777777801;1590;Geldern-Walbeck;51.4942;6.2463;37
442;2017-01-01;1.2677777777777806;1590;Geldern-Walbeck;51.4942;6.2463;37
443;2018-01-01;1.9477777777777803;1590;Geldern-Walbeck;51.4942;6.2463;37
444;2019-01-01;1.70777777777778;1590;Geldern-Walbeck;51.4942;6.2463;37
445;1931-01-01;;2110;Heinsberg-Schleiden;51.0411;6.1042;57
446;1932-01-01;;2110;Heinsberg-Schleiden;51.0411;6.1042;57
447;1933-01-01;;2110;Heinsberg-Schleiden;51.0411;6.1042;57
448;1934-01-01;;2110;Heinsberg-Schleiden;51.0411;6.1042;57
449;1935-01-01;;2110;Heinsberg-Schleiden;51.0411;6.1042;57
450;1936-01-01;;2110;Heinsberg-Schleiden;51.0411;6.1042;57
451;1937-01-01;;2110;Heinsberg-Schleiden;51.0411;6.1042;57
452;1938-01-01;-0.15714285714285836;2110;Heinsberg-Schleiden;51.0411;6.1042;57
453;1939-01-01;;2110;Heinsberg-Schleiden;51.0411;6.1042;57
454;1940-01-01;;2110;Heinsberg-Schleiden;51.0411;6.1042;57
455;1941-01-01;;2110;Heinsberg-Schleiden;51.0411;6.1042;57
456;1942-01-01;;2110;Heinsberg-Schleiden;51.0411;6.1042;57
457;1943-01-01;;2110;Heinsberg-Schleiden;51.0411;6.1042;57
458;1944-01-01;;2110;Heinsberg-Schleiden;51.0411;6.1042;57
459;1945-01-01;;2110;Heinsberg-Schleiden;51.0411;6.1042;57
460;1946-01-01;;2110;Heinsberg-Schleiden;51.0411;6.1042;57
461;1947-01-01;;2110;Heinsberg-Schleiden;51.0411;6.1042;57
462;1948-01-01;;2110;Heinsberg-Schleiden;51.0411;6.1042;57
463;1949-01-01;;2110;Heinsberg-Schleiden;51.0411;6.1042;57
464;1950-01-01;;2110;Heinsberg-Schleiden;51.0411;6.1042;57
465;1951-01-01;;2110;Heinsberg-Schleiden;51.0411;6.1042;57
466;1952-01-01;;2110;Heinsberg-Schleiden;51.0411;6.1042;57
467;1953-01-01;;2110;Heinsberg-Schleiden;51.0411;6.1042;57
468;1954-01-01;;2110;Heinsberg-Schleiden;51.0411;6.1042;57
469;1955-01-01;;2110;Heinsberg-Schleiden;51.0411;6.1042;57
470;1956-01-01;;2110;Heinsberg-Schleiden;51.0411;6.1042;57
471;1957-01-01;;2110;Heinsberg-Schleiden;51.0411;6.1042;57
472;1958-01-01;;2110;Heinsberg-Schleiden;51.0411;6.1042;57
473;1959-01-01;;2110;Heinsberg-Schleiden;51.0411;6.1042;57
474;1960-01-01;;2110;Heinsberg-Schleiden;51.0411;6.1042;57
475;1961-01-01;;2110;Heinsberg-Schleiden;51.0411;6.1042;57
476;1962-01-01;;2110;Heinsberg-Schleiden;51.0411;6.1042;57
477;1963-01-01;-1.3671428571428592;2110;Heinsberg-Schleiden;51.0411;6.1042;57
478;1964-01-01;-0.057142857142858716;2110;Heinsberg-Schleiden;51.0411;6.1042;57
479;1965-01-01;-0.6771428571428579;2110;Heinsberg-Schleiden;51.0411;6.1042;57
480;1966-01-01;0.22285714285714064;2110;Heinsberg-Schleiden;51.0411;6.1042;57
481;1967-01-01;0.5228571428571414;2110;Heinsberg-Schleiden;51.0411;6.1042;57
482;1968-01-01;-0.09714285714285786;2110;Heinsberg-Schleiden;51.0411;6.1042;57
483;1969-01-01;-0.08714285714285808;2110;Heinsberg-Schleiden;51.0411;6.1042;57
484;1970-01-01;-0.23714285714285843;2110;Heinsberg-Schleiden;51.0411;6.1042;57
485;1971-01-01;0.27285714285714135;2110;Heinsberg-Schleiden;51.0411;6.1042;57
486;1972-01-01;-0.377142857142859;2110;Heinsberg-Schleiden;51.0411;6.1042;57
487;1973-01-01;0.1828571428571415;2110;Heinsberg-Schleiden;51.0411;6.1042;57
488;1974-01-01;0.6028571428571414;2110;Heinsberg-Schleiden;51.0411;6.1042;57
489;1975-01-01;0.6328571428571408;2110;Heinsberg-Schleiden;51.0411;6.1042;57
490;1976-01-01;0.8028571428571407;2110;Heinsberg-Schleiden;51.0411;6.1042;57
491;1977-01-01;0.122857142857141;2110;Heinsberg-Schleiden;51.0411;6.1042;57
492;1978-01-01;-0.6571428571428584;2110;Heinsberg-Schleiden;51.0411;6.1042;57
493;1979-01-01;-0.8171428571428585;2110;Heinsberg-Schleiden;51.0411;6.1042;57
494;1980-01-01;-0.4471428571428593;2110;Heinsberg-Schleiden;51.0411;6.1042;57
495;1981-01-01;-0.19714285714285928;2110;Heinsberg-Schleiden;51.0411;6.1042;57
496;1982-01-01;0.45285714285714107;2110;Heinsberg-Schleiden;51.0411;6.1042;57
497;1983-01-01;0.5128571428571416;2110;Heinsberg-Schleiden;51.0411;6.1042;57
498;1984-01-01;-0.17714285714285793;2110;Heinsberg-Schleiden;51.0411;6.1042;57
499;1985-01-01;-1.0571428571428587;2110;Heinsberg-Schleiden;51.0411;6.1042;57
500;1986-01-01;-0.41714285714285815;2110;Heinsberg-Schleiden;51.0411;6.1042;57
501;1987-01-01;-0.7071428571428591;2110;Heinsberg-Schleiden;51.0411;6.1042;57
502;1988-01-01;0.7528571428571418;2110;Heinsberg-Schleiden;51.0411;6.1042;57
503;1989-01-01;1.1328571428571408;2110;Heinsberg-Schleiden;51.0411;6.1042;57
504;1990-01-01;1.162857142857142;2110;Heinsberg-Schleiden;51.0411;6.1042;57
505;1991-01-01;-0.03714285714285914;2110;Heinsberg-Schleiden;51.0411;6.1042;57
506;1992-01-01;0.8328571428571419;2110;Heinsberg-Schleiden;51.0411;6.1042;57
507;1993-01-01;0.1728571428571417;2110;Heinsberg-Schleiden;51.0411;6.1042;57
508;1994-01-01;1.3528571428571414;2110;Heinsberg-Schleiden;51.0411;6.1042;57
509;1995-01-01;1.0628571428571405;2110;Heinsberg-Schleiden;51.0411;6.1042;57
510;1996-01-01;-0.9071428571428584;2110;Heinsberg-Schleiden;51.0411;6.1042;57
511;1997-01-01;0.5728571428571421;2110;Heinsberg-Schleiden;51.0411;6.1042;57
512;1998-01-01;0.7228571428571406;2110;Heinsberg-Schleiden;51.0411;6.1042;57
513;1999-01-01;1.3628571428571412;2110;Heinsberg-Schleiden;51.0411;6.1042;57
514;2000-01-01;1.4028571428571421;2110;Heinsberg-Schleiden;51.0411;6.1042;57
515;2001-01-01;0.8628571428571412;2110;Heinsberg-Schleiden;51.0411;6.1042;57
516;2002-01-01;1.242857142857142;2110;Heinsberg-Schleiden;51.0411;6.1042;57
517;2003-01-01;0.7728571428571414;2110;Heinsberg-Schleiden;51.0411;6.1042;57
518;2004-01-01;0.3828571428571408;2110;Heinsberg-Schleiden;51.0411;6.1042;57
519;2005-01-01;;2110;Heinsberg-Schleiden;51.0411;6.1042;57
520;2006-01-01;1.3628571428571412;2110;Heinsberg-Schleiden;51.0411;6.1042;57
521;2007-01-01;1.4628571428571409;2110;Heinsberg-Schleiden;51.0411;6.1042;57
522;2008-01-01;0.7828571428571411;2110;Heinsberg-Schleiden;51.0411;6.1042;57
523;2009-01-01;0.7628571428571416;2110;Heinsberg-Schleiden;51.0411;6.1042;57
524;2010-01-01;-0.5271428571428594;2110;Heinsberg-Schleiden;51.0411;6.1042;57
525;2011-01-01;1.3428571428571416;2110;Heinsberg-Schleiden;51.0411;6.1042;57
526;2012-01-01;0.7028571428571411;2110;Heinsberg-Schleiden;51.0411;6.1042;57
527;2013-01-01;0.34285714285714164;2110;Heinsberg-Schleiden;51.0411;6.1042;57
528;2014-01-01;1.992857142857142;2110;Heinsberg-Schleiden;51.0411;6.1042;57
529;2015-01-01;1.492857142857142;2110;Heinsberg-Schleiden;51.0411;6.1042;57
530;2016-01-01;1.242857142857142;2110;Heinsberg-Schleiden;51.0411;6.1042;57
531;2017-01-01;1.5828571428571419;2110;Heinsberg-Schleiden;51.0411;6.1042;57
532;2018-01-01;2.042857142857141;2110;Heinsberg-Schleiden;51.0411;6.1042;57
533;2019-01-01;1.6128571428571412;2110;Heinsberg-Schleiden;51.0411;6.1042;57
534;1931-01-01;-0.48806451612903246;2483;Kahler Asten;51.1803;8.4891;839
535;1932-01-01;;2483;Kahler Asten;51.1803;8.4891;839
536;1933-01-01;;2483;Kahler Asten;51.1803;8.4891;839
537;1934-01-01;1.2219354838709675;2483;Kahler Asten;51.1803;8.4891;839
538;1935-01-01;;2483;Kahler Asten;51.1803;8.4891;839
539;1936-01-01;;2483;Kahler Asten;51.1803;8.4891;839
540;1937-01-01;0.3519354838709674;2483;Kahler Asten;51.1803;8.4891;839
541;1938-01-01;0.3419354838709676;2483;Kahler Asten;51.1803;8.4891;839
542;1939-01-01;-0.05806451612903274;2483;Kahler Asten;51.1803;8.4891;839
543;1940-01-01;;2483;Kahler Asten;51.1803;8.4891;839
544;1941-01-01;-0.9980645161290327;2483;Kahler Asten;51.1803;8.4891;839
545;1942-01-01;;2483;Kahler Asten;51.1803;8.4891;839
546;1943-01-01;0.8219354838709672;2483;Kahler Asten;51.1803;8.4891;839
547;1944-01-01;-0.2080645161290331;2483;Kahler Asten;51.1803;8.4891;839
548;1945-01-01;;2483;Kahler Asten;51.1803;8.4891;839
549;1946-01-01;;2483;Kahler Asten;51.1803;8.4891;839
550;1947-01-01;;2483;Kahler Asten;51.1803;8.4891;839
551;1948-01-01;;2483;Kahler Asten;51.1803;8.4891;839
552;1949-01-01;;2483;Kahler Asten;51.1803;8.4891;839
553;1950-01-01;;2483;Kahler Asten;51.1803;8.4891;839
554;1951-01-01;;2483;Kahler Asten;51.1803;8.4891;839
555;1952-01-01;;2483;Kahler Asten;51.1803;8.4891;839
556;1953-01-01;;2483;Kahler Asten;51.1803;8.4891;839
557;1954-01-01;;2483;Kahler Asten;51.1803;8.4891;839
558;1955-01-01;-0.7380645161290325;2483;Kahler Asten;51.1803;8.4891;839
559;1956-01-01;-1.508064516129033;2483;Kahler Asten;51.1803;8.4891;839
560;1957-01-01;0.3519354838709674;2483;Kahler Asten;51.1803;8.4891;839
561;1958-01-01;-0.19806451612903242;2483;Kahler Asten;51.1803;8.4891;839
562;1959-01-01;1.541935483870967;2483;Kahler Asten;51.1803;8.4891;839
563;1960-01-01;0.02193548387096733;2483;Kahler Asten;51.1803;8.4891;839
564;1961-01-01;0.7719354838709673;2483;Kahler Asten;51.1803;8.4891;839
565;1962-01-01;-1.3980645161290326;2483;Kahler Asten;51.1803;8.4891;839
566;1963-01-01;-0.9680645161290329;2483;Kahler Asten;51.1803;8.4891;839
567;1964-01-01;0.1019354838709674;2483;Kahler Asten;51.1803;8.4891;839
568;1965-01-01;-0.9180645161290326;2483;Kahler Asten;51.1803;8.4891;839
569;1966-01-01;0.2319354838709673;2483;Kahler Asten;51.1803;8.4891;839
570;1967-01-01;0.5119354838709675;2483;Kahler Asten;51.1803;8.4891;839
571;1968-01-01;-0.15806451612903238;2483;Kahler Asten;51.1803;8.4891;839
572;1969-01-01;-0.2680645161290327;2483;Kahler Asten;51.1803;8.4891;839
573;1970-01-01;-0.4680645161290329;2483;Kahler Asten;51.1803;8.4891;839
574;1971-01-01;0.4219354838709668;2483;Kahler Asten;51.1803;8.4891;839
575;1972-01-01;-0.2580645161290329;2483;Kahler Asten;51.1803;8.4891;839
576;1973-01-01;0.13193548387096765;2483;Kahler Asten;51.1803;8.4891;839
577;1974-01-01;0.2319354838709673;2483;Kahler Asten;51.1803;8.4891;839
578;1975-01-01;0.701935483870967;2483;Kahler Asten;51.1803;8.4891;839
579;1976-01-01;0.4019354838709672;2483;Kahler Asten;51.1803;8.4891;839
580;1977-01-01;0.26193548387096754;2483;Kahler Asten;51.1803;8.4891;839
581;1978-01-01;-0.48806451612903246;2483;Kahler Asten;51.1803;8.4891;839
582;1979-01-01;-0.7380645161290325;2483;Kahler Asten;51.1803;8.4891;839
583;1980-01-01;-0.5980645161290328;2483;Kahler Asten;51.1803;8.4891;839
584;1981-01-01;-0.18806451612903263;2483;Kahler Asten;51.1803;8.4891;839
585;1982-01-01;0.911935483870967;2483;Kahler Asten;51.1803;8.4891;839
586;1983-01-01;0.8119354838709674;2483;Kahler Asten;51.1803;8.4891;839
587;1984-01-01;-0.23806451612903246;2483;Kahler Asten;51.1803;8.4891;839
588;1985-01-01;-0.838064516129033;2483;Kahler Asten;51.1803;8.4891;839
589;1986-01-01;-0.5380645161290332;2483;Kahler Asten;51.1803;8.4891;839
590;1987-01-01;-0.6980645161290324;2483;Kahler Asten;51.1803;8.4891;839
591;1988-01-01;0.45193548387096705;2483;Kahler Asten;51.1803;8.4891;839
592;1989-01-01;1.7119354838709668;2483;Kahler Asten;51.1803;8.4891;839
593;1990-01-01;1.081935483870967;2483;Kahler Asten;51.1803;8.4891;839
594;1991-01-01;0.1719354838709668;2483;Kahler Asten;51.1803;8.4891;839
595;1992-01-01;1.1919354838709673;2483;Kahler Asten;51.1803;8.4891;839
596;1993-01-01;0.411935483870967;2483;Kahler Asten;51.1803;8.4891;839
597;1994-01-01;1.2619354838709675;2483;Kahler Asten;51.1803;8.4891;839
598;1995-01-01;0.7319354838709673;2483;Kahler Asten;51.1803;8.4891;839
599;1996-01-01;-1.0980645161290328;2483;Kahler Asten;51.1803;8.4891;839
600;1997-01-01;0.701935483870967;2483;Kahler Asten;51.1803;8.4891;839
601;1998-01-01;0.3419354838709676;2483;Kahler Asten;51.1803;8.4891;839
602;1999-01-01;0.9719354838709675;2483;Kahler Asten;51.1803;8.4891;839
603;2000-01-01;1.331935483870967;2483;Kahler Asten;51.1803;8.4891;839
604;2001-01-01;0.7219354838709675;2483;Kahler Asten;51.1803;8.4891;839
605;2002-01-01;1.201935483870967;2483;Kahler Asten;51.1803;8.4891;839
606;2003-01-01;1.4319354838709675;2483;Kahler Asten;51.1803;8.4891;839
607;2004-01-01;0.4819354838709673;2483;Kahler Asten;51.1803;8.4891;839
608;2005-01-01;0.8419354838709676;2483;Kahler Asten;51.1803;8.4891;839
609;2006-01-01;1.5019354838709669;2483;Kahler Asten;51.1803;8.4891;839
610;2007-01-01;1.5919354838709676;2483;Kahler Asten;51.1803;8.4891;839
611;2008-01-01;1.081935483870967;2483;Kahler Asten;51.1803;8.4891;839
612;2009-01-01;1.0519354838709676;2483;Kahler Asten;51.1803;8.4891;839
613;2010-01-01;-0.35806451612903256;2483;Kahler Asten;51.1803;8.4891;839
614;2011-01-01;1.911935483870967;2483;Kahler Asten;51.1803;8.4891;839
615;2012-01-01;0.8419354838709676;2483;Kahler Asten;51.1803;8.4891;839
616;2013-01-01;0.2219354838709675;2483;Kahler Asten;51.1803;8.4891;839
617;2014-01-01;2.1019354838709674;2483;Kahler Asten;51.1803;8.4891;839
618;2015-01-01;1.5119354838709675;2483;Kahler Asten;51.1803;8.4891;839
619;2016-01-01;1.3119354838709674;2483;Kahler Asten;51.1803;8.4891;839
620;2017-01-01;1.411935483870967;2483;Kahler Asten;51.1803;8.4891;839
621;2018-01-01;2.411935483870967;2483;Kahler Asten;51.1803;8.4891;839
622;2019-01-01;2.1519354838709672;2483;Kahler Asten;51.1803;8.4891;839
623;1931-01-01;;2497;Kall-Sistig;50.5014;6.5264;505
624;1932-01-01;;2497;Kall-Sistig;50.5014;6.5264;505
625;1933-01-01;;2497;Kall-Sistig;50.5014;6.5264;505
626;1934-01-01;;2497;Kall-Sistig;50.5014;6.5264;505
627;1935-01-01;;2497;Kall-Sistig;50.5014;6.5264;505
628;1936-01-01;;2497;Kall-Sistig;50.5014;6.5264;505
629;1937-01-01;;2497;Kall-Sistig;50.5014;6.5264;505
630;1938-01-01;;2497;Kall-Sistig;50.5014;6.5264;505
631;1939-01-01;;2497;Kall-Sistig;50.5014;6.5264;505
632;1940-01-01;;2497;Kall-Sistig;50.5014;6.5264;505
633;1941-01-01;;2497;Kall-Sistig;50.5014;6.5264;505
634;1942-01-01;;2497;Kall-Sistig;50.5014;6.5264;505
635;1943-01-01;;2497;Kall-Sistig;50.5014;6.5264;505
636;1944-01-01;;2497;Kall-Sistig;50.5014;6.5264;505
637;1945-01-01;;2497;Kall-Sistig;50.5014;6.5264;505
638;1946-01-01;;2497;Kall-Sistig;50.5014;6.5264;505
639;1947-01-01;;2497;Kall-Sistig;50.5014;6.5264;505
640;1948-01-01;0.6733333333333329;2497;Kall-Sistig;50.5014;6.5264;505
641;1949-01-01;0.6333333333333329;2497;Kall-Sistig;50.5014;6.5264;505
642;1950-01-01;-0.016666666666667496;2497;Kall-Sistig;50.5014;6.5264;505
643;1951-01-01;0.06333333333333258;2497;Kall-Sistig;50.5014;6.5264;505
644;1952-01-01;-0.6766666666666676;2497;Kall-Sistig;50.5014;6.5264;505
645;1953-01-01;0.4733333333333327;2497;Kall-Sistig;50.5014;6.5264;505
646;1954-01-01;-0.7166666666666677;2497;Kall-Sistig;50.5014;6.5264;505
647;1955-01-01;-0.7966666666666669;2497;Kall-Sistig;50.5014;6.5264;505
648;1956-01-01;-1.6166666666666671;2497;Kall-Sistig;50.5014;6.5264;505
649;1957-01-01;0.13333333333333286;2497;Kall-Sistig;50.5014;6.5264;505
650;1958-01-01;-0.3166666666666673;2497;Kall-Sistig;50.5014;6.5264;505
651;1959-01-01;1.0633333333333326;2497;Kall-Sistig;50.5014;6.5264;505
652;1960-01-01;-0.0766666666666671;2497;Kall-Sistig;50.5014;6.5264;505
653;1961-01-01;0.6933333333333325;2497;Kall-Sistig;50.5014;6.5264;505
654;1962-01-01;-1.416666666666667;2497;Kall-Sistig;50.5014;6.5264;505
655;1963-01-01;-1.3866666666666676;2497;Kall-Sistig;50.5014;6.5264;505
656;1964-01-01;0.013333333333332753;2497;Kall-Sistig;50.5014;6.5264;505
657;1965-01-01;-0.9666666666666677;2497;Kall-Sistig;50.5014;6.5264;505
658;1966-01-01;0.08333333333333304;2497;Kall-Sistig;50.5014;6.5264;505
659;1967-01-01;0.21333333333333293;2497;Kall-Sistig;50.5014;6.5264;505
660;1968-01-01;;2497;Kall-Sistig;50.5014;6.5264;505
661;1969-01-01;-0.12666666666666693;2497;Kall-Sistig;50.5014;6.5264;505
662;1970-01-01;-0.30666666666666753;2497;Kall-Sistig;50.5014;6.5264;505
663;1971-01-01;0.1633333333333331;2497;Kall-Sistig;50.5014;6.5264;505
664;1972-01-01;-0.3966666666666674;2497;Kall-Sistig;50.5014;6.5264;505
665;1973-01-01;-0.016666666666667496;2497;Kall-Sistig;50.5014;6.5264;505
666;1974-01-01;0.293333333333333;2497;Kall-Sistig;50.5014;6.5264;505
667;1975-01-01;0.39333333333333265;2497;Kall-Sistig;50.5014;6.5264;505
668;1976-01-01;0.5233333333333325;2497;Kall-Sistig;50.5014;6.5264;505
669;1977-01-01;0.2833333333333323;2497;Kall-Sistig;50.5014;6.5264;505
670;1978-01-01;-0.49666666666666703;2497;Kall-Sistig;50.5014;6.5264;505
671;1979-01-01;-0.5366666666666671;2497;Kall-Sistig;50.5014;6.5264;505
672;1980-01-01;-0.3766666666666669;2497;Kall-Sistig;50.5014;6.5264;505
673;1981-01-01;-0.05666666666666753;2497;Kall-Sistig;50.5014;6.5264;505
674;1982-01-01;0.8533333333333335;2497;Kall-Sistig;50.5014;6.5264;505
675;1983-01-01;0.8333333333333321;2497;Kall-Sistig;50.5014;6.5264;505
676;1984-01-01;-0.03666666666666707;2497;Kall-Sistig;50.5014;6.5264;505
677;1985-01-01;-0.7366666666666672;2497;Kall-Sistig;50.5014;6.5264;505
678;1986-01-01;-0.4066666666666672;2497;Kall-Sistig;50.5014;6.5264;505
679;1987-01-01;-0.5666666666666673;2497;Kall-Sistig;50.5014;6.5264;505
680;1988-01-01;0.7333333333333325;2497;Kall-Sistig;50.5014;6.5264;505
681;1989-01-01;1.6133333333333333;2497;Kall-Sistig;50.5014;6.5264;505
682;1990-01-01;1.213333333333333;2497;Kall-Sistig;50.5014;6.5264;505
683;1991-01-01;0.19333333333333247;2497;Kall-Sistig;50.5014;6.5264;505
684;1992-01-01;1.0133333333333319;2497;Kall-Sistig;50.5014;6.5264;505
685;1993-01-01;0.32333333333333236;2497;Kall-Sistig;50.5014;6.5264;505
686;1994-01-01;1.5133333333333319;2497;Kall-Sistig;50.5014;6.5264;505
687;1995-01-01;1.0133333333333319;2497;Kall-Sistig;50.5014;6.5264;505
688;1996-01-01;-0.7166666666666677;2497;Kall-Sistig;50.5014;6.5264;505
689;1997-01-01;0.8933333333333326;2497;Kall-Sistig;50.5014;6.5264;505
690;1998-01-01;0.7633333333333319;2497;Kall-Sistig;50.5014;6.5264;505
691;1999-01-01;1.253333333333332;2497;Kall-Sistig;50.5014;6.5264;505
692;2000-01-01;1.463333333333333;2497;Kall-Sistig;50.5014;6.5264;505
693;2001-01-01;0.923333333333332;2497;Kall-Sistig;50.5014;6.5264;505
694;2002-01-01;1.5533333333333328;2497;Kall-Sistig;50.5014;6.5264;505
695;2003-01-01;1.3833333333333329;2497;Kall-Sistig;50.5014;6.5264;505
696;2004-01-01;0.6233333333333331;2497;Kall-Sistig;50.5014;6.5264;505
697;2005-01-01;1.0133333333333319;2497;Kall-Sistig;50.5014;6.5264;505
698;2006-01-01;1.4933333333333323;2497;Kall-Sistig;50.5014;6.5264;505
699;2007-01-01;;2497;Kall-Sistig;50.5014;6.5264;505
700;2008-01-01;0.8233333333333324;2497;Kall-Sistig;50.5014;6.5264;505
701;2009-01-01;0.9333333333333336;2497;Kall-Sistig;50.5014;6.5264;505
702;2010-01-01;-0.36666666666666714;2497;Kall-Sistig;50.5014;6.5264;505
703;2011-01-01;1.8033333333333328;2497;Kall-Sistig;50.5014;6.5264;505
704;2012-01-01;0.8233333333333324;2497;Kall-Sistig;50.5014;6.5264;505
705;2013-01-01;0.27333333333333254;2497;Kall-Sistig;50.5014;6.5264;505
706;2014-01-01;2.0733333333333324;2497;Kall-Sistig;50.5014;6.5264;505
707;2015-01-01;1.5633333333333326;2497;Kall-Sistig;50.5014;6.5264;505
708;2016-01-01;1.3233333333333324;2497;Kall-Sistig;50.5014;6.5264;505
709;2017-01-01;1.593333333333332;2497;Kall-Sistig;50.5014;6.5264;505
710;2018-01-01;2.213333333333333;2497;Kall-Sistig;50.5014;6.5264;505
711;2019-01-01;1.9933333333333323;2497;Kall-Sistig;50.5014;6.5264;505
712;1931-01-01;-1.3474193548387081;2968;Köln-Stammheim;50.9894;6.9777;43
713;1932-01-01;-0.767419354838708;2968;Köln-Stammheim;50.9894;6.9777;43
714;1933-01-01;-1.1774193548387082;2968;Köln-Stammheim;50.9894;6.9777;43
715;1934-01-01;0.30258064516129224;2968;Köln-Stammheim;50.9894;6.9777;43
716;1935-01-01;-0.2874193548387076;2968;Köln-Stammheim;50.9894;6.9777;43
717;1936-01-01;-0.5274193548387078;2968;Köln-Stammheim;50.9894;6.9777;43
718;1937-01-01;-0.25741935483870826;2968;Köln-Stammheim;50.9894;6.9777;43
719;1938-01-01;-0.38741935483870726;2968;Köln-Stammheim;50.9894;6.9777;43
720;1939-01-01;-0.3074193548387072;2968;Köln-Stammheim;50.9894;6.9777;43
721;1940-01-01;-1.8874193548387073;2968;Köln-Stammheim;50.9894;6.9777;43
722;1941-01-01;-1.317419354838707;2968;Köln-Stammheim;50.9894;6.9777;43
723;1942-01-01;-1.2074193548387075;2968;Köln-Stammheim;50.9894;6.9777;43
724;1943-01-01;0.05258064516129224;2968;Köln-Stammheim;50.9894;6.9777;43
725;1944-01-01;-0.5574193548387072;2968;Köln-Stammheim;50.9894;6.9777;43
726;1945-01-01;;2968;Köln-Stammheim;50.9894;6.9777;43
727;1946-01-01;-0.6774193548387082;2968;Köln-Stammheim;50.9894;6.9777;43
728;1947-01-01;0.12258064516129252;2968;Köln-Stammheim;50.9894;6.9777;43
729;1948-01-01;0.12258064516129252;2968;Köln-Stammheim;50.9894;6.9777;43
730;1949-01-01;0.28258064516129267;2968;Köln-Stammheim;50.9894;6.9777;43
731;1950-01-01;-0.3074193548387072;2968;Köln-Stammheim;50.9894;6.9777;43
732;1951-01-01;-0.19741935483870776;2968;Köln-Stammheim;50.9894;6.9777;43
733;1952-01-01;-0.8674193548387077;2968;Köln-Stammheim;50.9894;6.9777;43
734;1953-01-01;-0.06741935483870698;2968;Köln-Stammheim;50.9894;6.9777;43
735;1954-01-01;-0.8474193548387081;2968;Köln-Stammheim;50.9894;6.9777;43
736;1955-01-01;-1.017419354838708;2968;Köln-Stammheim;50.9894;6.9777;43
737;1956-01-01;-1.8774193548387075;2968;Köln-Stammheim;50.9894;6.9777;43
738;1957-01-01;0.032580645161292665;2968;Köln-Stammheim;50.9894;6.9777;43
739;1958-01-01;-0.49741935483870847;2968;Köln-Stammheim;50.9894;6.9777;43
740;1959-01-01;0.7425806451612917;2968;Köln-Stammheim;50.9894;6.9777;43
741;1960-01-01;-0.07741935483870854;2968;Köln-Stammheim;50.9894;6.9777;43
742;1961-01-01;0.3325806451612916;2968;Köln-Stammheim;50.9894;6.9777;43
743;1962-01-01;-1.5574193548387072;2968;Köln-Stammheim;50.9894;6.9777;43
744;1963-01-01;-1.4674193548387073;2968;Köln-Stammheim;50.9894;6.9777;43
745;1964-01-01;-0.14741935483870705;2968;Köln-Stammheim;50.9894;6.9777;43
746;1965-01-01;-0.8874193548387073;2968;Köln-Stammheim;50.9894;6.9777;43
747;1966-01-01;0.09258064516129139;2968;Köln-Stammheim;50.9894;6.9777;43
748;1967-01-01;0.42258064516129146;2968;Köln-Stammheim;50.9894;6.9777;43
749;1968-01-01;-0.19741935483870776;2968;Köln-Stammheim;50.9894;6.9777;43
750;1969-01-01;-0.15741935483870861;2968;Köln-Stammheim;50.9894;6.9777;43
751;1970-01-01;-0.4074193548387086;2968;Köln-Stammheim;50.9894;6.9777;43
752;1971-01-01;0.29258064516129245;2968;Köln-Stammheim;50.9894;6.9777;43
753;1972-01-01;-0.3574193548387079;2968;Köln-Stammheim;50.9894;6.9777;43
754;1973-01-01;0.2025806451612926;2968;Köln-Stammheim;50.9894;6.9777;43
755;1974-01-01;0.5425806451612925;2968;Köln-Stammheim;50.9894;6.9777;43
756;1975-01-01;0.7525806451612915;2968;Köln-Stammheim;50.9894;6.9777;43
757;1976-01-01;0.8825806451612923;2968;Köln-Stammheim;50.9894;6.9777;43
758;1977-01-01;0.41258064516129167;2968;Köln-Stammheim;50.9894;6.9777;43
759;1978-01-01;-0.39741935483870705;2968;Köln-Stammheim;50.9894;6.9777;43
760;1979-01-01;-0.5374193548387076;2968;Köln-Stammheim;50.9894;6.9777;43
761;1980-01-01;-0.2874193548387076;2968;Köln-Stammheim;50.9894;6.9777;43
762;1981-01-01;-0.1674193548387084;2968;Köln-Stammheim;50.9894;6.9777;43
763;1982-01-01;0.6525806451612919;2968;Köln-Stammheim;50.9894;6.9777;43
764;1983-01-01;0.682580645161293;2968;Köln-Stammheim;50.9894;6.9777;43
765;1984-01-01;-0.20741935483870755;2968;Köln-Stammheim;50.9894;6.9777;43
766;1985-01-01;-0.9574193548387075;2968;Köln-Stammheim;50.9894;6.9777;43
767;1986-01-01;-0.25741935483870826;2968;Köln-Stammheim;50.9894;6.9777;43
768;1987-01-01;-0.7174193548387073;2968;Köln-Stammheim;50.9894;6.9777;43
769;1988-01-01;0.8025806451612922;2968;Köln-Stammheim;50.9894;6.9777;43
770;1989-01-01;1.392580645161292;2968;Köln-Stammheim;50.9894;6.9777;43
771;1990-01-01;1.3225806451612918;2968;Köln-Stammheim;50.9894;6.9777;43
772;1991-01-01;0.15258064516129188;2968;Köln-Stammheim;50.9894;6.9777;43
773;1992-01-01;0.9925806451612917;2968;Köln-Stammheim;50.9894;6.9777;43
774;1993-01-01;0.25258064516129153;2968;Köln-Stammheim;50.9894;6.9777;43
775;1994-01-01;1.4625806451612924;2968;Köln-Stammheim;50.9894;6.9777;43
776;1995-01-01;0.9725806451612922;2968;Köln-Stammheim;50.9894;6.9777;43
777;1996-01-01;-0.7374193548387087;2968;Köln-Stammheim;50.9894;6.9777;43
778;1997-01-01;0.7925806451612925;2968;Köln-Stammheim;50.9894;6.9777;43
779;1998-01-01;0.682580645161293;2968;Köln-Stammheim;50.9894;6.9777;43
780;1999-01-01;1.432580645161293;2968;Köln-Stammheim;50.9894;6.9777;43
781;2000-01-01;1.602580645161293;2968;Köln-Stammheim;50.9894;6.9777;43
782;2001-01-01;1.102580645161293;2968;Köln-Stammheim;50.9894;6.9777;43
783;2002-01-01;1.5925806451612914;2968;Köln-Stammheim;50.9894;6.9777;43
784;2003-01-01;1.6725806451612915;2968;Köln-Stammheim;50.9894;6.9777;43
785;2004-01-01;0.8925806451612921;2968;Köln-Stammheim;50.9894;6.9777;43
786;2005-01-01;1.232580645161292;2968;Köln-Stammheim;50.9894;6.9777;43
787;2006-01-01;1.5725806451612918;2968;Köln-Stammheim;50.9894;6.9777;43
788;2007-01-01;1.7625806451612913;2968;Köln-Stammheim;50.9894;6.9777;43
789;2008-01-01;;2968;Köln-Stammheim;50.9894;6.9777;43
790;2009-01-01;;2968;Köln-Stammheim;50.9894;6.9777;43
791;2010-01-01;-0.5574193548387072;2968;Köln-Stammheim;50.9894;6.9777;43
792;2011-01-01;1.2925806451612925;2968;Köln-Stammheim;50.9894;6.9777;43
793;2012-01-01;0.562580645161292;2968;Köln-Stammheim;50.9894;6.9777;43
794;2013-01-01;0.12258064516129252;2968;Köln-Stammheim;50.9894;6.9777;43
795;2014-01-01;1.7525806451612915;2968;Köln-Stammheim;50.9894;6.9777;43
796;2015-01-01;1.1325806451612923;2968;Köln-Stammheim;50.9894;6.9777;43
797;2016-01-01;0.8625806451612927;2968;Köln-Stammheim;50.9894;6.9777;43
798;2017-01-01;1.142580645161292;2968;Köln-Stammheim;50.9894;6.9777;43
799;2018-01-01;1.892580645161292;2968;Köln-Stammheim;50.9894;6.9777;43
800;2019-01-01;1.5225806451612929;2968;Köln-Stammheim;50.9894;6.9777;43
801;1931-01-01;;4063;Rahden-Kleinendorf;52.4461;8.5906;41
802;1932-01-01;;4063;Rahden-Kleinendorf;52.4461;8.5906;41
803;1933-01-01;;4063;Rahden-Kleinendorf;52.4461;8.5906;41
804;1934-01-01;;4063;Rahden-Kleinendorf;52.4461;8.5906;41
805;1935-01-01;;4063;Rahden-Kleinendorf;52.4461;8.5906;41
806;1936-01-01;;4063;Rahden-Kleinendorf;52.4461;8.5906;41
807;1937-01-01;;4063;Rahden-Kleinendorf;52.4461;8.5906;41
808;1938-01-01;;4063;Rahden-Kleinendorf;52.4461;8.5906;41
809;1939-01-01;;4063;Rahden-Kleinendorf;52.4461;8.5906;41
810;1940-01-01;;4063;Rahden-Kleinendorf;52.4461;8.5906;41
811;1941-01-01;;4063;Rahden-Kleinendorf;52.4461;8.5906;41
812;1942-01-01;;4063;Rahden-Kleinendorf;52.4461;8.5906;41
813;1943-01-01;;4063;Rahden-Kleinendorf;52.4461;8.5906;41
814;1944-01-01;;4063;Rahden-Kleinendorf;52.4461;8.5906;41
815;1945-01-01;;4063;Rahden-Kleinendorf;52.4461;8.5906;41
816;1946-01-01;;4063;Rahden-Kleinendorf;52.4461;8.5906;41
817;1947-01-01;;4063;Rahden-Kleinendorf;52.4461;8.5906;41
818;1948-01-01;;4063;Rahden-Kleinendorf;52.4461;8.5906;41
819;1949-01-01;;4063;Rahden-Kleinendorf;52.4461;8.5906;41
820;1950-01-01;-0.023548387096774093;4063;Rahden-Kleinendorf;52.4461;8.5906;41
821;1951-01-01;0.39645161290322584;4063;Rahden-Kleinendorf;52.4461;8.5906;41
822;1952-01-01;-0.5135483870967743;4063;Rahden-Kleinendorf;52.4461;8.5906;41
823;1953-01-01;0.6964516129032265;4063;Rahden-Kleinendorf;52.4461;8.5906;41
824;1954-01-01;-0.5035483870967745;4063;Rahden-Kleinendorf;52.4461;8.5906;41
825;1955-01-01;-0.6835483870967742;4063;Rahden-Kleinendorf;52.4461;8.5906;41
826;1956-01-01;-1.4735483870967743;4063;Rahden-Kleinendorf;52.4461;8.5906;41
827;1957-01-01;0.44645161290322655;4063;Rahden-Kleinendorf;52.4461;8.5906;41
828;1958-01-01;-0.043548387096773666;4063;Rahden-Kleinendorf;52.4461;8.5906;41
829;1959-01-01;0.8964516129032258;4063;Rahden-Kleinendorf;52.4461;8.5906;41
830;1960-01-01;0.24645161290322548;4063;Rahden-Kleinendorf;52.4461;8.5906;41
831;1961-01-01;0.7164516129032261;4063;Rahden-Kleinendorf;52.4461;8.5906;41
832;1962-01-01;-1.403548387096774;4063;Rahden-Kleinendorf;52.4461;8.5906;41
833;1963-01-01;-1.4735483870967743;4063;Rahden-Kleinendorf;52.4461;8.5906;41
834;1964-01-01;-0.2135483870967736;4063;Rahden-Kleinendorf;52.4461;8.5906;41
835;1965-01-01;-0.7835483870967739;4063;Rahden-Kleinendorf;52.4461;8.5906;41
836;1966-01-01;0.13645161290322605;4063;Rahden-Kleinendorf;52.4461;8.5906;41
837;1967-01-01;0.7564516129032253;4063;Rahden-Kleinendorf;52.4461;8.5906;41
838;1968-01-01;-0.03354838709677388;4063;Rahden-Kleinendorf;52.4461;8.5906;41
839;1969-01-01;-0.3235483870967748;4063;Rahden-Kleinendorf;52.4461;8.5906;41
840;1970-01-01;-0.4035483870967749;4063;Rahden-Kleinendorf;52.4461;8.5906;41
841;1971-01-01;0.37645161290322626;4063;Rahden-Kleinendorf;52.4461;8.5906;41
842;1972-01-01;-0.5035483870967745;4063;Rahden-Kleinendorf;52.4461;8.5906;41
843;1973-01-01;0.07645161290322555;4063;Rahden-Kleinendorf;52.4461;8.5906;41
844;1974-01-01;0.7264516129032259;4063;Rahden-Kleinendorf;52.4461;8.5906;41
845;1975-01-01;0.8764516129032263;4063;Rahden-Kleinendorf;52.4461;8.5906;41
846;1976-01-01;0.31645161290322577;4063;Rahden-Kleinendorf;52.4461;8.5906;41
847;1977-01-01;0.44645161290322655;4063;Rahden-Kleinendorf;52.4461;8.5906;41
848;1978-01-01;-0.35354838709677416;4063;Rahden-Kleinendorf;52.4461;8.5906;41
849;1979-01-01;-0.7935483870967737;4063;Rahden-Kleinendorf;52.4461;8.5906;41
850;1980-01-01;-0.24354838709677473;4063;Rahden-Kleinendorf;52.4461;8.5906;41
851;1981-01-01;0.02645161290322484;4063;Rahden-Kleinendorf;52.4461;8.5906;41
852;1982-01-01;0.7464516129032255;4063;Rahden-Kleinendorf;52.4461;8.5906;41
853;1983-01-01;0.7964516129032262;4063;Rahden-Kleinendorf;52.4461;8.5906;41
854;1984-01-01;-0.2535483870967745;4063;Rahden-Kleinendorf;52.4461;8.5906;41
855;1985-01-01;-0.9935483870967747;4063;Rahden-Kleinendorf;52.4461;8.5906;41
856;1986-01-01;-0.5735483870967748;4063;Rahden-Kleinendorf;52.4461;8.5906;41
857;1987-01-01;-0.9735483870967752;4063;Rahden-Kleinendorf;52.4461;8.5906;41
858;1988-01-01;0.7064516129032263;4063;Rahden-Kleinendorf;52.4461;8.5906;41
859;1989-01-01;1.1164516129032265;4063;Rahden-Kleinendorf;52.4461;8.5906;41
860;1990-01-01;1.2564516129032253;4063;Rahden-Kleinendorf;52.4461;8.5906;41
861;1991-01-01;-0.11354838709677395;4063;Rahden-Kleinendorf;52.4461;8.5906;41
862;1992-01-01;0.9964516129032255;4063;Rahden-Kleinendorf;52.4461;8.5906;41
863;1993-01-01;-0.16354838709677466;4063;Rahden-Kleinendorf;52.4461;8.5906;41
864;1994-01-01;1.0864516129032253;4063;Rahden-Kleinendorf;52.4461;8.5906;41
865;1995-01-01;0.6264516129032263;4063;Rahden-Kleinendorf;52.4461;8.5906;41
866;1996-01-01;-1.323548387096774;4063;Rahden-Kleinendorf;52.4461;8.5906;41
867;1997-01-01;0.5464516129032262;4063;Rahden-Kleinendorf;52.4461;8.5906;41
868;1998-01-01;0.6664516129032254;4063;Rahden-Kleinendorf;52.4461;8.5906;41
869;1999-01-01;1.516451612903225;4063;Rahden-Kleinendorf;52.4461;8.5906;41
870;2000-01-01;1.516451612903225;4063;Rahden-Kleinendorf;52.4461;8.5906;41
871;2001-01-01;0.686451612903225;4063;Rahden-Kleinendorf;52.4461;8.5906;41
872;2002-01-01;1.1464516129032258;4063;Rahden-Kleinendorf;52.4461;8.5906;41
873;2003-01-01;;4063;Rahden-Kleinendorf;52.4461;8.5906;41
874;2004-01-01;;4063;Rahden-Kleinendorf;52.4461;8.5906;41
875;2005-01-01;0.8664516129032265;4063;Rahden-Kleinendorf;52.4461;8.5906;41
876;2006-01-01;1.436451612903225;4063;Rahden-Kleinendorf;52.4461;8.5906;41
877;2007-01-01;1.686451612903225;4063;Rahden-Kleinendorf;52.4461;8.5906;41
878;2008-01-01;1.266451612903225;4063;Rahden-Kleinendorf;52.4461;8.5906;41
879;2009-01-01;1.226451612903226;4063;Rahden-Kleinendorf;52.4461;8.5906;41
880;2010-01-01;-0.3335483870967746;4063;Rahden-Kleinendorf;52.4461;8.5906;41
881;2011-01-01;1.5064516129032253;4063;Rahden-Kleinendorf;52.4461;8.5906;41
882;2012-01-01;1.0064516129032253;4063;Rahden-Kleinendorf;52.4461;8.5906;41
883;2013-01-01;0.436451612903225;4063;Rahden-Kleinendorf;52.4461;8.5906;41
884;2014-01-01;2.1664516129032254;4063;Rahden-Kleinendorf;52.4461;8.5906;41
885;2015-01-01;1.386451612903226;4063;Rahden-Kleinendorf;52.4461;8.5906;41
886;2016-01-01;1.1564516129032256;4063;Rahden-Kleinendorf;52.4461;8.5906;41
887;2017-01-01;1.3164516129032258;4063;Rahden-Kleinendorf;52.4461;8.5906;41
888;2018-01-01;2.056451612903226;4063;Rahden-Kleinendorf;52.4461;8.5906;41
889;2019-01-01;1.936451612903225;4063;Rahden-Kleinendorf;52.4461;8.5906;41
890;1931-01-01;-0.871612903225806;4371;Salzuflen, Bad;52.1042;8.7521;135
891;1932-01-01;-0.12161290322580598;4371;Salzuflen, Bad;52.1042;8.7521;135
892;1933-01-01;-0.8816129032258058;4371;Salzuflen, Bad;52.1042;8.7521;135
893;1934-01-01;1.1183870967741942;4371;Salzuflen, Bad;52.1042;8.7521;135
894;1935-01-01;0.15838709677419516;4371;Salzuflen, Bad;52.1042;8.7521;135
895;1936-01-01;0.028387096774194376;4371;Salzuflen, Bad;52.1042;8.7521;135
896;1937-01-01;0.17838709677419473;4371;Salzuflen, Bad;52.1042;8.7521;135
897;1938-01-01;0.3283870967741951;4371;Salzuflen, Bad;52.1042;8.7521;135
898;1939-01-01;0.07838709677419509;4371;Salzuflen, Bad;52.1042;8.7521;135
899;1940-01-01;-1.8616129032258053;4371;Salzuflen, Bad;52.1042;8.7521;135
900;1941-01-01;-0.9916129032258052;4371;Salzuflen, Bad;52.1042;8.7521;135
901;1942-01-01;-1.171612903225805;4371;Salzuflen, Bad;52.1042;8.7521;135
902;1943-01-01;0.4483870967741943;4371;Salzuflen, Bad;52.1042;8.7521;135
903;1944-01-01;-0.04161290322580591;4371;Salzuflen, Bad;52.1042;8.7521;135
904;1945-01-01;;4371;Salzuflen, Bad;52.1042;8.7521;135
905;1946-01-01;;4371;Salzuflen, Bad;52.1042;8.7521;135
906;1947-01-01;;4371;Salzuflen, Bad;52.1042;8.7521;135
907;1948-01-01;;4371;Salzuflen, Bad;52.1042;8.7521;135
908;1949-01-01;;4371;Salzuflen, Bad;52.1042;8.7521;135
909;1950-01-01;0.2083870967741941;4371;Salzuflen, Bad;52.1042;8.7521;135
910;1951-01-01;0.42838709677419473;4371;Salzuflen, Bad;52.1042;8.7521;135
911;1952-01-01;-0.5816129032258051;4371;Salzuflen, Bad;52.1042;8.7521;135
912;1953-01-01;0.5683870967741953;4371;Salzuflen, Bad;52.1042;8.7521;135
913;1954-01-01;-0.5316129032258043;4371;Salzuflen, Bad;52.1042;8.7521;135
914;1955-01-01;-0.9016129032258053;4371;Salzuflen, Bad;52.1042;8.7521;135
915;1956-01-01;-1.5116129032258048;4371;Salzuflen, Bad;52.1042;8.7521;135
916;1957-01-01;0.378387096774194;4371;Salzuflen, Bad;52.1042;8.7521;135
917;1958-01-01;-0.11161290322580442;4371;Salzuflen, Bad;52.1042;8.7521;135
918;1959-01-01;0.9383870967741945;4371;Salzuflen, Bad;52.1042;8.7521;135
919;1960-01-01;0.12838709677419402;4371;Salzuflen, Bad;52.1042;8.7521;135
920;1961-01-01;0.47838709677419544;4371;Salzuflen, Bad;52.1042;8.7521;135
921;1962-01-01;-1.4116129032258051;4371;Salzuflen, Bad;52.1042;8.7521;135
922;1963-01-01;-1.3416129032258048;4371;Salzuflen, Bad;52.1042;8.7521;135
923;1964-01-01;-0.13161290322580577;4371;Salzuflen, Bad;52.1042;8.7521;135
924;1965-01-01;-0.8816129032258058;4371;Salzuflen, Bad;52.1042;8.7521;135
925;1966-01-01;0.15838709677419516;4371;Salzuflen, Bad;52.1042;8.7521;135
926;1967-01-01;0.5983870967741947;4371;Salzuflen, Bad;52.1042;8.7521;135
927;1968-01-01;-0.13161290322580577;4371;Salzuflen, Bad;52.1042;8.7521;135
928;1969-01-01;-0.4116129032258051;4371;Salzuflen, Bad;52.1042;8.7521;135
929;1970-01-01;-0.5516129032258057;4371;Salzuflen, Bad;52.1042;8.7521;135
930;1971-01-01;0.07838709677419509;4371;Salzuflen, Bad;52.1042;8.7521;135
931;1972-01-01;-0.4716129032258056;4371;Salzuflen, Bad;52.1042;8.7521;135
932;1973-01-01;0.05838709677419551;4371;Salzuflen, Bad;52.1042;8.7521;135
933;1974-01-01;0.5783870967741951;4371;Salzuflen, Bad;52.1042;8.7521;135
934;1975-01-01;0.7083870967741941;4371;Salzuflen, Bad;52.1042;8.7521;135
935;1976-01-01;0.28838709677419416;4371;Salzuflen, Bad;52.1042;8.7521;135
936;1977-01-01;0.4483870967741943;4371;Salzuflen, Bad;52.1042;8.7521;135
937;1978-01-01;-0.45161290322580605;4371;Salzuflen, Bad;52.1042;8.7521;135
938;1979-01-01;-0.701612903225806;4371;Salzuflen, Bad;52.1042;8.7521;135
939;1980-01-01;-0.33161290322580506;4371;Salzuflen, Bad;52.1042;8.7521;135
940;1981-01-01;-0.10161290322580463;4371;Salzuflen, Bad;52.1042;8.7521;135
941;1982-01-01;0.9083870967741952;4371;Salzuflen, Bad;52.1042;8.7521;135
942;1983-01-01;0.8883870967741956;4371;Salzuflen, Bad;52.1042;8.7521;135
943;1984-01-01;-0.0016129032258049847;4371;Salzuflen, Bad;52.1042;8.7521;135
944;1985-01-01;-0.8416129032258048;4371;Salzuflen, Bad;52.1042;8.7521;135
945;1986-01-01;-0.3616129032258044;4371;Salzuflen, Bad;52.1042;8.7521;135
946;1987-01-01;-0.8316129032258051;4371;Salzuflen, Bad;52.1042;8.7521;135
947;1988-01-01;0.8583870967741944;4371;Salzuflen, Bad;52.1042;8.7521;135
948;1989-01-01;1.3183870967741953;4371;Salzuflen, Bad;52.1042;8.7521;135
949;1990-01-01;1.458387096774194;4371;Salzuflen, Bad;52.1042;8.7521;135
950;1991-01-01;0.11838709677419423;4371;Salzuflen, Bad;52.1042;8.7521;135
951;1992-01-01;0.8883870967741956;4371;Salzuflen, Bad;52.1042;8.7521;135
952;1993-01-01;-0.371612903225806;4371;Salzuflen, Bad;52.1042;8.7521;135
953;1994-01-01;0.8383870967741949;4371;Salzuflen, Bad;52.1042;8.7521;135
954;1995-01-01;0.24838709677419502;4371;Salzuflen, Bad;52.1042;8.7521;135
955;1996-01-01;-1.5616129032258055;4371;Salzuflen, Bad;52.1042;8.7521;135
956;1997-01-01;0.2783870967741944;4371;Salzuflen, Bad;52.1042;8.7521;135
957;1998-01-01;0.34838709677419466;4371;Salzuflen, Bad;52.1042;8.7521;135
958;1999-01-01;1.0983870967741947;4371;Salzuflen, Bad;52.1042;8.7521;135
959;2000-01-01;1.248387096774195;4371;Salzuflen, Bad;52.1042;8.7521;135
960;2001-01-01;0.36838709677419423;4371;Salzuflen, Bad;52.1042;8.7521;135
961;2002-01-01;0.7283870967741954;4371;Salzuflen, Bad;52.1042;8.7521;135
962;2003-01-01;0.6383870967741956;4371;Salzuflen, Bad;52.1042;8.7521;135
963;2004-01-01;0.23838709677419523;4371;Salzuflen, Bad;52.1042;8.7521;135
964;2005-01-01;0.498387096774195;4371;Salzuflen, Bad;52.1042;8.7521;135
965;2006-01-01;0.9283870967741947;4371;Salzuflen, Bad;52.1042;8.7521;135
966;2007-01-01;1.1983870967741943;4371;Salzuflen, Bad;52.1042;8.7521;135
967;2008-01-01;0.7083870967741941;4371;Salzuflen, Bad;52.1042;8.7521;135
968;2009-01-01;0.5783870967741951;4371;Salzuflen, Bad;52.1042;8.7521;135
969;2010-01-01;-0.951612903225806;4371;Salzuflen, Bad;52.1042;8.7521;135
970;2011-01-01;1.0983870967741947;4371;Salzuflen, Bad;52.1042;8.7521;135
971;2012-01-01;0.3883870967741956;4371;Salzuflen, Bad;52.1042;8.7521;135
972;2013-01-01;-0.09161290322580484;4371;Salzuflen, Bad;52.1042;8.7521;135
973;2014-01-01;1.7583870967741948;4371;Salzuflen, Bad;52.1042;8.7521;135
974;2015-01-01;1.1183870967741942;4371;Salzuflen, Bad;52.1042;8.7521;135
975;2016-01-01;0.8883870967741956;4371;Salzuflen, Bad;52.1042;8.7521;135
976;2017-01-01;0.9783870967741954;4371;Salzuflen, Bad;52.1042;8.7521;135
977;2018-01-01;1.8083870967741955;4371;Salzuflen, Bad;52.1042;8.7521;135
978;2019-01-01;1.6483870967741954;4371;Salzuflen, Bad;52.1042;8.7521;135
